id	type	source	target	targetRef	proteinName	disont	intType	count	pathways	pwont	pwRef	pathwayName	intRef	occurences	sourceRef	rheaID
616299	AllInteractions	516586	507473	[NA]	[PGM3]	[NA]	[DirectedInteraction]	1	[WP1785]	[PW_0000432]	[19616933, 10580125, 16807922, 19647993]	[Asparagine N-linked glycosylation]	[12174217]	 1	[NA]	[NA]
616298	AllInteractions	508711	516586	[NA]	[PGM3]	[NA]	[DirectedInteraction]	1	[WP1785]	[PW_0000432]	[19616933, 10580125, 16807922, 19647993]	[Asparagine N-linked glycosylation]	[12174217]	 1	[NA]	[NA]
616641	AllInteractions	516765	507572	[NA]	[AGXT2 tetramer]	[NA]	[DirectedInteraction]	1	[WP4042]	[NA]	[4620886, 10989446, 3090932]	[Nucleobase catabolism]	[20018850]	 1	[NA]	[NA]
616640	AllInteractions	508152	516765	[NA]	[AGXT2 tetramer]	[NA]	[DirectedInteraction]	1	[WP4042]	[NA]	[4620886, 10989446, 3090932]	[Nucleobase catabolism]	[20018850]	 1	[NA]	[NA]
605979	AllInteractions	511038	507661	[NA]	[GFPT1,2]	[NA]	[DirectedInteraction]	1	[WP1785]	[PW_0000432]	[19616933, 10580125, 16807922, 19647993]	[Asparagine N-linked glycosylation]	[10198162, 1460020, 21310273]	 1	[NA]	[NA]
603707	AllInteractions	509760	508711	[NA]	[2xGNPNAT1]	[NA]	[DirectedInteraction]	2	[WP3604, WP1785]	[PW_0000002, PW_0000432]	[9715748, 10580125, 19647993, 16807922, 19616933]	[Biochemical Pathways Part I, Asparagine N-linked glycosylation]	[NA, 18675810]	 2	[NA]	[NA]
605978	AllInteractions	507554	511038	[NA]	[GFPT1,2]	[NA]	[DirectedInteraction]	1	[WP1785]	[PW_0000432]	[19616933, 10580125, 16807922, 19647993]	[Asparagine N-linked glycosylation]	[10198162, 1460020, 21310273]	 1	[NA]	[NA]
603706	AllInteractions	507661	509760	[NA]	[2xGNPNAT1]	[NA]	[DirectedInteraction]	2	[WP3604, WP1785]	[PW_0000002, PW_0000432]	[9715748, 10580125, 19647993, 16807922, 19616933]	[Biochemical Pathways Part I, Asparagine N-linked glycosylation]	[NA, 18675810]	 2	[NA]	[NA]
609309	AllInteractions	512863	507554	[NA]	[SLC1A5]	[NA]	[DirectedInteraction]	1	[WP1936]	[PW_0000103]	[12739168, 12734757, 17581921, 18195086, 17693766, 12845533, 16461757, 12759754, 16955105, 18400693, 19164095, 18690016]	[oligopeptides]	[10698697, 8702519]	 2	[NA]	[NA]
609308	AllInteractions	507572	512863	[NA]	[SLC1A5]	[NA]	[DirectedInteraction]	1	[WP1936]	[PW_0000103]	[12739168, 12734757, 17581921, 18195086, 17693766, 12845533, 16461757, 12759754, 16955105, 18400693, 19164095, 18690016]	[oligopeptides]	[10698697, 8702519]	 2	[NA]	[NA]
602677	AllInteractions	507330	509186	[3067017]	[NA]	[NA]	[DirectedInteraction, Conversion]	1	[WP4486]	[PW_0001267]	[16327029, 2206021]	[Carnosine's role in muscle contraction]	[NA]	 1	[NA]	[NA]
603095	AllInteractions	509422	507444	[NA]	[2xUAP1]	[NA]	[DirectedInteraction]	1	[WP1785]	[PW_0000432]	[10580125, 16807922, 19616933, 19647993]	[Asparagine N-linked glycosylation]	[11707391]	 1	[NA]	[NA]
602678	AllInteractions	509186	508152	[3067017]	[NA]	[NA]	[DirectedInteraction, Conversion]	1	[WP4486]	[PW_0001267]	[16327029, 2206021]	[Carnosine's role in muscle contraction]	[NA]	 1	[NA]	[NA]
603094	AllInteractions	507473	509422	[NA]	[2xUAP1]	[NA]	[DirectedInteraction]	1	[WP1785]	[PW_0000432]	[10580125, 16807922, 19616933, 19647993]	[Asparagine N-linked glycosylation]	[11707391]	 1	[NA]	[NA]
603611	AllInteractions	509707	507444	[NA]	[NA]	[NA]	[DirectedInteraction]	1	[WP3604]	[PW_0000002]	[9715748]	[Biochemical Pathways Part I]	[NA]	 1	[NA]	[NA]
603610	AllInteractions	507626	509707	[NA]	[NA]	[NA]	[DirectedInteraction]	1	[WP3604]	[PW_0000002]	[9715748]	[Biochemical Pathways Part I]	[NA]	 1	[NA]	[NA]
610431	AllInteractions	513475	507626	[NA]	[NA]	[NA]	[DirectedInteraction]	1	[WP3604]	[PW_0000002]	[9715748]	[Biochemical Pathways Part I]	[NA]	 1	[NA]	[NA]
610430	AllInteractions	508711	513475	[NA]	[NA]	[NA]	[DirectedInteraction]	1	[WP3604]	[PW_0000002]	[9715748]	[Biochemical Pathways Part I]	[NA]	 1	[NA]	[NA]
612377	AllInteractions	514508	507929	[NA]	[NA]	[NA]	[DirectedInteraction, Conversion]	1	[WP4486]	[PW_0001267]	[16327029, 2206021]	[Carnosine's role in muscle contraction]	[NA]	 1	[NA]	[NA]
612376	AllInteractions	507330	514508	[NA]	[NA]	[NA]	[DirectedInteraction, Conversion]	1	[WP4486]	[PW_0001267]	[16327029, 2206021]	[Carnosine's role in muscle contraction]	[NA]	 1	[NA]	[NA]
614237	AllInteractions	515496	507554	[21696544, NA]	[GLUL]	[NA]	[DirectedInteraction, Conversion]	3	[WP3925, WP3602, WP3604]	[PW_0000011, PW_0000002]	[NA, 9715748]	[Amino Acid metabolism, Human metabolism overview, Biochemical Pathways Part I]	[NA]	 3	[NA]	[NA]
614236	AllInteractions	507598	515496	[21696544, NA]	[GLUL]	[NA]	[DirectedInteraction, Conversion]	3	[WP3925, WP3602, WP3604]	[PW_0000011, PW_0000002]	[NA, 9715748]	[Amino Acid metabolism, Human metabolism overview, Biochemical Pathways Part I]	[NA]	 3	[NA]	[NA]
605759	AllInteractions	510914	507598	[NA]	[HAL, FTCD]	[NA]	[DirectedInteraction]	1	[WP3925]	[PW_0000011]	[NA]	[Amino Acid metabolism]	[NA]	 1	[NA]	[NA]
605758	AllInteractions	507929	510914	[NA]	[HAL, FTCD]	[NA]	[DirectedInteraction]	1	[WP3925]	[PW_0000011]	[NA]	[Amino Acid metabolism]	[NA]	 1	[NA]	[NA]
612291	AllInteractions	514461	508055	[NA]	[30.38, DOLK]	[NA]	[DirectedInteraction]	1	[WP1785]	[PW_0000432]	[10580125, 16807922, 19616933, 19647993]	[Asparagine N-linked glycosylation]	[12213788, 17273964]	 1	[NA]	[NA]
612290	AllInteractions	507582	514461	[NA]	[30.38, DOLK]	[NA]	[DirectedInteraction]	1	[WP1785]	[PW_0000432]	[10580125, 16807922, 19616933, 19647993]	[Asparagine N-linked glycosylation]	[12213788, 17273964]	 1	[NA]	[NA]
605445	AllInteractions	510744	508180	[NA]	[30.8, DPAGT1]	[NA]	[DirectedInteraction]	1	[WP1785]	[PW_0000432]	[19616933, 10580125, 16807922, 19647993]	[Asparagine N-linked glycosylation]	[12872255, 22742743, 9451016]	 1	[NA]	[NA]
606309	AllInteractions	511223	507444	[NA]	[SLC35A3]	[NA]	[DirectedInteraction]	1	[WP1937]	[PW_0000103]	[10334869, 19164095, 14579113, 16981043, 23506886, 9096318]	[Transport of vitamins, nucleosides, and related molecules]	[10393322]	 1	[NA]	[NA]
605444	AllInteractions	508055	510744	[NA]	[30.8, DPAGT1]	[NA]	[DirectedInteraction]	1	[WP1785]	[PW_0000432]	[19616933, 10580125, 16807922, 19647993]	[Asparagine N-linked glycosylation]	[12872255, 22742743, 9451016]	 1	[NA]	[NA]
606308	AllInteractions	508180	511223	[NA]	[SLC35A3]	[NA]	[DirectedInteraction]	1	[WP1937]	[PW_0000103]	[10334869, 19164095, 14579113, 16981043, 23506886, 9096318]	[Transport of vitamins, nucleosides, and related molecules]	[10393322]	 1	[NA]	[NA]
603505	AllInteractions	509657	507582	[NA]	[CTPS tetramer, CTPS2 tetramer]	[NA]	[DirectedInteraction]	1	[WP4059]	[NA]	[5940, 11008000, 177353]	[Interconversion of nucleotide di- and triphosphates]	[16179339, 16820675, 10899599]	 2	[NA]	[NA]
603504	AllInteractions	507554	509657	[NA]	[CTPS tetramer, CTPS2 tetramer]	[NA]	[DirectedInteraction]	1	[WP4059]	[NA]	[5940, 11008000, 177353]	[Interconversion of nucleotide di- and triphosphates]	[16179339, 16820675, 10899599]	 2	[NA]	[NA]
602671	AllInteractions	507327	509183	[NA]	[GOT2 dimer, SLC25A12,13, PXLP-GOT2, PXLP-K279-GOT2, AST2, GOT1 dimer, PXLP-K259-GOT1 dimer]	[NA, DOID_9271, DOID_9273, DOID_9278, DOID_9267, DOID_14755, DOID_9280]	[DirectedInteraction, Conversion]	4	[WP4595, WP4979, WP4093, WP4992]	[PW_0001083, PW_0000028, PW_0000013, NA, PW_0000076, PW_0002142, PW_0001086, PW_0001262]	[371355, 1094924, NA, 2205732]	[Urea cycle and associated pathways, Aspartate and asparagine metabolism, Glucose metabolism, Glutamate and glutamine metabolism]	[10369257, 10642534, 11566871, 12602510, 2241899, NA, 4052435]	 6	[NA]	[RHEA:21826]
612837	AllInteractions	514754	508017	[NA]	[ASS1 tetramer:NMRAL1 dimer:NADPH]	[NA]	[DirectedInteraction]	1	[WP4973]	[PW_0000076]	[NA]	[Urea cycle]	[17496144, 18263583, 18323623, 19006241, 518841]	 1	[NA]	[NA]
612836	AllInteractions	507527	514754	[NA]	[ASS1 tetramer:NMRAL1 dimer:NADPH]	[NA]	[DirectedInteraction]	1	[WP4973]	[PW_0000076]	[NA]	[Urea cycle]	[17496144, 18263583, 18323623, 19006241, 518841]	 1	[NA]	[NA]
615675	AllInteractions	516253	507467	[NA]	[SLC7A6:SLC3A2 heterodimer, SLC7A7:SLC3A2 heterodimer]	[NA]	[DirectedInteraction]	1	[WP1936]	[PW_0000103]	[18400693, 18195086, 17581921, 17693766, 12734757, 18690016, 19164095, 16955105, 12845533, 12739168, 12759754, 16461757]	[oligopeptides]	[9878049, 10903140]	 2	[NA]	[NA]
615674	AllInteractions	507556	516253	[NA]	[SLC7A6:SLC3A2 heterodimer, SLC7A7:SLC3A2 heterodimer]	[NA]	[DirectedInteraction]	1	[WP1936]	[PW_0000103]	[18400693, 18195086, 17581921, 17693766, 12734757, 18690016, 19164095, 16955105, 12845533, 12739168, 12759754, 16461757]	[oligopeptides]	[9878049, 10903140]	 2	[NA]	[NA]
604337	AllInteractions	510124	507327	[NA]	[PXLP-K341-GPT2 dimer, PXLP-K314-GPT dimer, ALT, PXLP-K314-GPT]	[DOID_9273, DOID_9278, DOID_9267, DOID_9271, DOID_14755, NA, DOID_9280]	[DirectedInteraction, Conversion]	2	[WP4595, WP4980]	[PW_0000013, PW_0000076, PW_0002142, PW_0000438]	[NA, 1094924, 371355]	[Urea cycle and associated pathways, Alanine metabolism]	[NA, 11863375, 1931970, 9119391, 19360321]	 3	[NA]	[RHEA:19454]
604336	AllInteractions	507572	510124	[NA]	[PXLP-K341-GPT2 dimer, PXLP-K314-GPT dimer, ALT, PXLP-K314-GPT]	[DOID_9273, DOID_9278, DOID_9267, DOID_9271, DOID_14755, NA, DOID_9280]	[DirectedInteraction, Conversion]	2	[WP4595, WP4980]	[PW_0000013, PW_0000076, PW_0002142, PW_0000438]	[NA, 1094924, 371355]	[Urea cycle and associated pathways, Alanine metabolism]	[NA, 11863375, 1931970, 9119391, 19360321]	 3	[NA]	[RHEA:19454]
602672	AllInteractions	509183	507527	[NA]	[GOT2 dimer, SLC25A12,13, PXLP-GOT2, PXLP-K279-GOT2, AST2, GOT1 dimer, PXLP-K259-GOT1 dimer]	[NA, DOID_9271, DOID_9273, DOID_9278, DOID_9267, DOID_14755, DOID_9280]	[DirectedInteraction, Conversion]	4	[WP4595, WP4979, WP4093, WP4992]	[PW_0001083, PW_0000028, PW_0000013, NA, PW_0000076, PW_0002142, PW_0001086, PW_0001262]	[371355, 1094924, NA, 2205732]	[Urea cycle and associated pathways, Aspartate and asparagine metabolism, Glucose metabolism, Glutamate and glutamine metabolism]	[10369257, 10642534, 11566871, 12602510, 2241899, NA, 4052435]	 6	[NA]	[RHEA:21826]
605269	AllInteractions	510646	507556	[NA]	[ASL tetramer]	[NA]	[DirectedInteraction]	1	[WP4973]	[PW_0000076]	[NA]	[Urea cycle]	[2263616, 9256435]	 1	[NA]	[NA]
605268	AllInteractions	508017	510646	[NA]	[ASL tetramer]	[NA]	[DirectedInteraction]	1	[WP4973]	[PW_0000076]	[NA]	[Urea cycle]	[2263616, 9256435]	 1	[NA]	[NA]
608699	AllInteractions	512532	507674	[NA]	[AGXT2 tetramer, AGXT dimer]	[NA]	[DirectedInteraction]	1	[WP3562]	[PW_0000063]	[15956068]	[Glyoxylate metabolism and glycine degradation]	[12899834, 15802217, 20018850, 2158891, 1703535, 2363689, 3416563]	 2	[NA]	[NA]
608698	AllInteractions	507572	512532	[NA]	[AGXT2 tetramer, AGXT dimer]	[NA]	[DirectedInteraction]	1	[WP3562]	[PW_0000063]	[15956068]	[Glyoxylate metabolism and glycine degradation]	[12899834, 15802217, 20018850, 2158891, 1703535, 2363689, 3416563]	 2	[NA]	[NA]
604557	AllInteractions	510247	507908	[NA]	[Mitochondrial ornithine transporters, OTC trimer]	[NA]	[DirectedInteraction]	3	[WP4973, WP3602, WP3604]	[PW_0000076, PW_0000002]	[NA, 9715748]	[Urea cycle, Human metabolism overview, Biochemical Pathways Part I]	[10369256, 12807890, 12948741, 11237854, 6372096, NA]	 4	[NA]	[NA]
604556	AllInteractions	507645	510247	[NA]	[Mitochondrial ornithine transporters, OTC trimer]	[NA]	[DirectedInteraction]	3	[WP4973, WP3602, WP3604]	[PW_0000076, PW_0000002]	[NA, 9715748]	[Urea cycle, Human metabolism overview, Biochemical Pathways Part I]	[10369256, 12807890, 12948741, 11237854, 6372096, NA]	 4	[NA]	[NA]
607587	AllInteractions	511921	507645	[NA]	[GATM dimer]	[NA]	[DirectedInteraction]	1	[WP5002]	[PW_0000404]	[10893433]	[Creatine metabolism]	[9218780, 11555793, 9148748]	 1	[NA]	[NA]
607586	AllInteractions	507674	511921	[NA]	[GATM dimer]	[NA]	[DirectedInteraction]	1	[WP5002]	[PW_0000404]	[10893433]	[Creatine metabolism]	[9218780, 11555793, 9148748]	 1	[NA]	[NA]
616019	AllInteractions	516438	508435	[NA]	[6.3.5.5, CPS2, carbamoyl-P-synthase]	[DOID_0050832, DOID_0050833, DOID_14218]	[DirectedInteraction, Conversion]	1	[WP4225]	[PW_0000013, PW_0001776, PW_0000032, PW_0001603, PW_0001605, PW_0002210]	[NA]	[Pyrimidine metabolism and related diseases]	[NA]	 1	[NA]	[RHEA:18634]
607747	AllInteractions	512009	507908	[NA]	[OTC, OTC(1-32), OTC(1-354)]	[DOID_14755, DOID_9280, DOID_9278, DOID_9267, DOID_9271, DOID_9273, DOID_0050832, DOID_14218, DOID_0050833]	[DirectedInteraction, Conversion]	3	[WP4571, WP4583, WP4225]	[PW_0000076, PW_0000013, PW_0002142, PW_0001776, PW_0002210, PW_0000032, PW_0001603, PW_0001605]	[20301396, NA]	[Urea cycle and related diseases, Pyrimidine metabolism and related diseases]	[NA]	 2	[NA]	[RHEA:19514]
616018	AllInteractions	507554	516438	[NA]	[6.3.5.5, CPS2, carbamoyl-P-synthase]	[DOID_0050832, DOID_0050833, DOID_14218]	[DirectedInteraction, Conversion]	1	[WP4225]	[PW_0000013, PW_0001776, PW_0000032, PW_0001603, PW_0001605, PW_0002210]	[NA]	[Pyrimidine metabolism and related diseases]	[NA]	 1	[NA]	[RHEA:18634]
607746	AllInteractions	508435	512009	[NA]	[OTC, OTC(1-32), OTC(1-354)]	[DOID_14755, DOID_9280, DOID_9278, DOID_9267, DOID_9271, DOID_9273, DOID_0050832, DOID_14218, DOID_0050833]	[DirectedInteraction, Conversion]	3	[WP4571, WP4583, WP4225]	[PW_0000076, PW_0000013, PW_0002142, PW_0001776, PW_0002210, PW_0000032, PW_0001603, PW_0001605]	[20301396, NA]	[Urea cycle and related diseases, Pyrimidine metabolism and related diseases]	[NA]	 2	[NA]	[RHEA:19514]
610787	AllInteractions	513665	507667	[NA]	[CAD hexamer, CPS1]	[NA]	[DirectedInteraction]	3	[WP3925, WP4022, WP4084]	[PW_0000011, PW_0000032, NA]	[NA, 1574589, 6105839]	[Amino Acid metabolism, Pyrimidine metabolism, Nucleobase biosynthesis]	[NA, 4684686, 8619816]	 3	[21696544, NA]	[NA]
611907	AllInteractions	514260	507908	[NA]	[OTC trimer, OTC, OTC(1-32), OTC(1-354)]	[NA]	[DirectedInteraction]	2	[WP4973, WP497]	[PW_0000076]	[NA]	[Urea cycle, Urea cycle and metabolism of amino groups]	[NA, 11237854, 6372096]	 2	[NA]	[NA]
610786	AllInteractions	507554	513665	[NA]	[CAD hexamer, CPS1]	[NA]	[DirectedInteraction]	3	[WP3925, WP4022, WP4084]	[PW_0000011, PW_0000032, NA]	[NA, 1574589, 6105839]	[Amino Acid metabolism, Pyrimidine metabolism, Nucleobase biosynthesis]	[NA, 4684686, 8619816]	 3	[21696544, NA]	[NA]
611906	AllInteractions	507667	514260	[NA]	[OTC trimer, OTC, OTC(1-32), OTC(1-354)]	[NA]	[DirectedInteraction]	2	[WP4973, WP497]	[PW_0000076]	[NA]	[Urea cycle, Urea cycle and metabolism of amino groups]	[NA, 11237854, 6372096]	 2	[NA]	[NA]
616061	AllInteractions	516460	507645	[NA]	[OAT hexamer]	[NA]	[DirectedInteraction]	1	[WP4992]	[PW_0001086, PW_0001262]	[1094924, 2205732, 371355]	[Glutamate and glutamine metabolism]	[1737786]	 1	[NA]	[NA]
616060	AllInteractions	507327	516460	[NA]	[OAT hexamer]	[NA]	[DirectedInteraction]	1	[WP4992]	[PW_0001086, PW_0001262]	[1094924, 2205732, 371355]	[Glutamate and glutamine metabolism]	[1737786]	 1	[NA]	[NA]
607787	AllInteractions	512032	508060	[NA]	[ALR2]	[NA, DOID_9351]	[DirectedInteraction, Conversion]	2	[WP3604, WP690]	[PW_0000002, PW_0000300, PW_0000555, PW_0000556, PW_0001520]	[9715748, 10997684, 11742414, 8535439]	[Biochemical Pathways Part I, Polyol Pathway]	[NA]	 2	[11307174, 17713401, 21240525, 22031849]	[NA]
607786	AllInteractions	507453	512032	[NA]	[ALR2]	[NA, DOID_9351]	[DirectedInteraction, Conversion]	2	[WP3604, WP690]	[PW_0000002, PW_0000300, PW_0000555, PW_0000556, PW_0001520]	[9715748, 10997684, 11742414, 8535439]	[Biochemical Pathways Part I, Polyol Pathway]	[NA]	 2	[11307174, 17713401, 21240525, 22031849]	[NA]
607973	AllInteractions	512134	512133	[NA]	[NA]	[DOID_9351]	[DirectedInteraction, Conversion]	1	[WP690]	[PW_0000300, PW_0000555, PW_0000556, PW_0001520]	[10997684, 11742414, 8535439]	[Polyol Pathway]	[NA]	 1	[NA]	[NA]
607972	AllInteractions	508060	512134	[NA]	[NA]	[DOID_9351]	[DirectedInteraction, Conversion]	1	[WP690]	[PW_0000300, PW_0000555, PW_0000556, PW_0001520]	[10997684, 11742414, 8535439]	[Polyol Pathway]	[NA]	 1	[NA]	[NA]
603783	AllInteractions	509803	507618	[NA]	[AGXT, GPT, 2.6.1.12, GPT2]	[NA]	[DirectedInteraction]	4	[WP3925, WP3605, WP3604, WP106]	[PW_0000011, PW_0000002, PW_0000028]	[NA, 9715748, 9687539, 19455135]	[Amino Acid metabolism, Glucose Alanine cycle, Biochemical Pathways Part I, Alanine and aspartate metabolism]	[NA]	 6	[NA]	[NA]
606343	AllInteractions	511241	507453	[11307174, 17713401, 21240525, 22031849]	[NA]	[NA]	[DirectedInteraction]	1	[WP3605]	[PW_0000002]	[NA]	[Glucose Alanine cycle]	[NA]	 1	[NA]	[NA]
603782	AllInteractions	507572	509803	[NA]	[AGXT, GPT, 2.6.1.12, GPT2]	[NA]	[DirectedInteraction]	4	[WP3925, WP3605, WP3604, WP106]	[PW_0000011, PW_0000002, PW_0000028]	[NA, 9715748, 9687539, 19455135]	[Amino Acid metabolism, Glucose Alanine cycle, Biochemical Pathways Part I, Alanine and aspartate metabolism]	[NA]	 6	[NA]	[NA]
606342	AllInteractions	507618	511241	[11307174, 17713401, 21240525, 22031849]	[NA]	[NA]	[DirectedInteraction]	1	[WP3605]	[PW_0000002]	[NA]	[Glucose Alanine cycle]	[NA]	 1	[NA]	[NA]
613177	AllInteractions	514934	507890	[NA]	[NA]	[NA]	[DirectedInteraction]	1	[WP3604]	[PW_0000002]	[9715748]	[Biochemical Pathways Part I]	[NA]	 1	[NA]	[NA]
613176	AllInteractions	507462	514934	[NA]	[NA]	[NA]	[DirectedInteraction]	1	[WP3604]	[PW_0000002]	[9715748]	[Biochemical Pathways Part I]	[NA]	 1	[NA]	[NA]
608203	AllInteractions	512261	512260	[18484357, 19186175, 7508341]	[NA]	[DOID_162]	[DirectedInteraction, Conversion]	1	[WP4485]	[PW_0001642]	[NA]	[Modified nucleosides derived from t-RNA as urinary cancer markers]	[NA]	 1	[NA]	[NA]
608202	AllInteractions	507890	512261	[18484357, 19186175, 7508341]	[NA]	[DOID_162]	[DirectedInteraction, Conversion]	1	[WP4485]	[PW_0001642]	[NA]	[Modified nucleosides derived from t-RNA as urinary cancer markers]	[NA]	 1	[NA]	[NA]
616721	AllInteractions	516806	507462	[NA]	[GMPS]	[NA]	[DirectedInteraction]	1	[WP4084]	[NA]	[6105839, 1574589]	[Nucleobase biosynthesis]	[8089153, 7706277]	 1	[NA]	[NA]
616720	AllInteractions	507554	516806	[NA]	[GMPS]	[NA]	[DirectedInteraction]	1	[WP4084]	[NA]	[6105839, 1574589]	[Nucleobase biosynthesis]	[8089153, 7706277]	 1	[NA]	[NA]
605699	AllInteractions	510882	507377	[11001804, 10716626, NA]	[PXLP-K280-SHMT2 tetramer, SHMT1 tetramer]	[NA]	[DirectedInteraction]	3	[WP3925, WP3806, WP3604]	[PW_0000011, PW_0000140, PW_0000002]	[NA, 11001804, 10466189, 9715748]	[Amino Acid metabolism, Metabolism of folate and pterines, Biochemical Pathways Part I]	[NA, 9753690, 21876188]	 4	[11001804, 10716626, NA]	[NA]
613955	AllInteractions	515345	508498	[NA]	[CTH]	[NA]	[DirectedInteraction, Conversion]	1	[WP3940]	[PW_0000189]	[NA]	[One carbon metabolism and related pathways]	[NA]	 1	[NA]	[NA]
605698	AllInteractions	507674	510882	[11001804, 10716626, NA]	[PXLP-K280-SHMT2 tetramer, SHMT1 tetramer]	[NA]	[DirectedInteraction]	3	[WP3925, WP3806, WP3604]	[PW_0000011, PW_0000140, PW_0000002]	[NA, 11001804, 10466189, 9715748]	[Amino Acid metabolism, Metabolism of folate and pterines, Biochemical Pathways Part I]	[NA, 9753690, 21876188]	 4	[11001804, 10716626, NA]	[NA]
613954	AllInteractions	507647	515345	[NA]	[CTH]	[NA]	[DirectedInteraction, Conversion]	1	[WP3940]	[PW_0000189]	[NA]	[One carbon metabolism and related pathways]	[NA]	 1	[NA]	[NA]
608305	AllInteractions	512315	507967	[NA]	[NA]	[NA]	[DirectedInteraction, Conversion]	1	[WP3940]	[PW_0000189]	[NA]	[One carbon metabolism and related pathways]	[NA]	 1	[NA]	[NA]
605009	AllInteractions	510505	508563	[NA]	[NA]	[NA]	[DirectedInteraction, Conversion]	1	[WP3940]	[PW_0000189]	[NA]	[One carbon metabolism and related pathways]	[NA]	 1	[NA]	[NA]
608304	AllInteractions	508498	512315	[NA]	[NA]	[NA]	[DirectedInteraction, Conversion]	1	[WP3940]	[PW_0000189]	[NA]	[One carbon metabolism and related pathways]	[NA]	 1	[NA]	[NA]
605008	AllInteractions	507967	510505	[NA]	[NA]	[NA]	[DirectedInteraction, Conversion]	1	[WP3940]	[PW_0000189]	[NA]	[One carbon metabolism and related pathways]	[NA]	 1	[NA]	[NA]
610581	AllInteractions	513556	507647	[NA]	[CBS tetramer, PXLP-K119-CBS tetramer, CBS]	[NA]	[DirectedInteraction]	3	[WP3925, WP3574, WP2525]	[PW_0000011, PW_0000002]	[NA, 16702333, 27641100]	[Amino Acid metabolism, Sulfur amino acid metabolism, Trans-sulfuration and one carbon metabolism]	[NA, 11524006]	 3	[11001804, 10716626, NA]	[NA]
608885	AllInteractions	512634	512633	[NA]	[NA]	[NA]	[DirectedInteraction]	1	[WP3940]	[PW_0000189]	[NA]	[One carbon metabolism and related pathways]	[NA]	 1	[NA]	[NA]
610580	AllInteractions	507377	513556	[NA]	[CBS tetramer, PXLP-K119-CBS tetramer, CBS]	[NA]	[DirectedInteraction]	3	[WP3925, WP3574, WP2525]	[PW_0000011, PW_0000002]	[NA, 16702333, 27641100]	[Amino Acid metabolism, Sulfur amino acid metabolism, Trans-sulfuration and one carbon metabolism]	[NA, 11524006]	 3	[11001804, 10716626, NA]	[NA]
608884	AllInteractions	508563	512634	[NA]	[NA]	[NA]	[DirectedInteraction]	1	[WP3940]	[PW_0000189]	[NA]	[One carbon metabolism and related pathways]	[NA]	 1	[NA]	[NA]
615803	AllInteractions	516320	507344	[19625220, 19854035, 12571671, 12663279, 12860264, 16472406, 10653827, 10833329, 11447214, 12831960, 14999406, 17389618, 17583675, 18562168]	[BHMT]	[NA]	[DirectedInteraction]	1	[WP3925]	[PW_0000011]	[NA]	[Amino Acid metabolism]	[NA]	 1	[12569109, 15680219, 10833329]	[NA]
615802	AllInteractions	507922	516320	[19625220, 19854035, 12571671, 12663279, 12860264, 16472406, 10653827, 10833329, 11447214, 12831960, 14999406, 17389618, 17583675, 18562168]	[BHMT]	[NA]	[DirectedInteraction]	1	[WP3925]	[PW_0000011]	[NA]	[Amino Acid metabolism]	[NA]	 1	[12569109, 15680219, 10833329]	[NA]
614035	AllInteractions	515386	507647	[NA]	[CBS tetramer, PXLP-K119-CBS tetramer, CBS, CBSL]	[NA, DOID_13381]	[DirectedInteraction]	7	[WP3925, WP3574, WP3940, WP176, WP2525, WP15, WP1533]	[PW_0000011, PW_0000133, PW_0000140, PW_0000189, PW_0000002, PW_0000397]	[NA, 16702333, 27641100]	[Amino Acid metabolism, Sulfur amino acid metabolism, One carbon metabolism and related pathways, Folate Metabolism, Trans-sulfuration and one carbon metabolism, Selenium Micronutrient Network, Vitamin B12 Metabolism]	[NA, 11524006]	 7	[10653827, 10833329, 11447214, 12831960, 14999406, 17389618, 17583675, 18562168, 19625220, 19854035, 12571671, 12663279, 12860264, 16472406, NA]	[NA]
614034	AllInteractions	507344	515386	[NA]	[CBS tetramer, PXLP-K119-CBS tetramer, CBS, CBSL]	[NA, DOID_13381]	[DirectedInteraction]	7	[WP3925, WP3574, WP3940, WP176, WP2525, WP15, WP1533]	[PW_0000011, PW_0000133, PW_0000140, PW_0000189, PW_0000002, PW_0000397]	[NA, 16702333, 27641100]	[Amino Acid metabolism, Sulfur amino acid metabolism, One carbon metabolism and related pathways, Folate Metabolism, Trans-sulfuration and one carbon metabolism, Selenium Micronutrient Network, Vitamin B12 Metabolism]	[NA, 11524006]	 7	[10653827, 10833329, 11447214, 12831960, 14999406, 17389618, 17583675, 18562168, 19625220, 19854035, 12571671, 12663279, 12860264, 16472406, NA]	[NA]
603797	AllInteractions	509811	507922	[15680219, 10833329, 12569109]	[NA]	[NA]	[DirectedInteraction, Conversion]	1	[WP3580]	[PW_0000002, PW_0001301]	[NA]	[Methionine De Novo and Salvage Pathway]	[NA]	 1	[NA]	[NA]
603796	AllInteractions	507598	509811	[15680219, 10833329, 12569109]	[NA]	[NA]	[DirectedInteraction, Conversion]	1	[WP3580]	[PW_0000002, PW_0001301]	[NA]	[Methionine De Novo and Salvage Pathway]	[NA]	 1	[NA]	[NA]
609113	AllInteractions	512759	507382	[NA]	[SLC7A11:SLC3A2 heterodimer]	[NA]	[DirectedInteraction]	1	[WP1936]	[PW_0000103]	[18400693, 18195086, 17693766, 16955105, 17581921, 12739168, 12734757, 16461757, 12845533, 18690016, 12759754, 19164095]	[oligopeptides]	[11417227, 15151999]	 1	[NA]	[NA]
609112	AllInteractions	507327	512759	[NA]	[SLC7A11:SLC3A2 heterodimer]	[NA]	[DirectedInteraction]	1	[WP1936]	[PW_0000103]	[18400693, 18195086, 17693766, 16955105, 17581921, 12739168, 12734757, 16461757, 12845533, 18690016, 12759754, 19164095]	[oligopeptides]	[11417227, 15151999]	 1	[NA]	[NA]
602807	AllInteractions	509265	507647	[NA]	[NA]	[NA]	[DirectedInteraction]	1	[WP2525]	[PW_0000002]	[27641100]	[Trans-sulfuration and one carbon metabolism]	[NA]	 1	[NA]	[NA]
602806	AllInteractions	507382	509265	[NA]	[NA]	[NA]	[DirectedInteraction]	1	[WP2525]	[PW_0000002]	[27641100]	[Trans-sulfuration and one carbon metabolism]	[NA]	 1	[NA]	[NA]
614545	AllInteractions	515659	507382	[NA]	[NA]	[NA]	[DirectedInteraction]	2	[WP3925, WP2333]	[PW_0000011, PW_0000134]	[NA, 19932708]	[Amino Acid metabolism, Trans-sulfuration pathway]	[NA]	 2	[NA]	[NA]
614544	AllInteractions	507618	515659	[NA]	[NA]	[NA]	[DirectedInteraction]	2	[WP3925, WP2333]	[PW_0000011, PW_0000134]	[NA, 19932708]	[Amino Acid metabolism, Trans-sulfuration pathway]	[NA]	 2	[NA]	[NA]
602969	AllInteractions	509356	507382	[NA]	[GGCT dimer]	[NA]	[DirectedInteraction]	2	[WP100, WP4111]	[PW_0000134, NA]	[NA, 11805192]	[Glutathione metabolism, Phase II - Conjugation of compounds]	[NA, 18515354]	 2	[NA, 30042655]	[NA]
602968	AllInteractions	507435	509356	[NA]	[GGCT dimer]	[NA]	[DirectedInteraction]	2	[WP100, WP4111]	[PW_0000134, NA]	[NA, 11805192]	[Glutathione metabolism, Phase II - Conjugation of compounds]	[NA, 18515354]	 2	[NA, 30042655]	[NA]
610801	AllInteractions	513674	507435	[30042655, NA]	[GCLM]	[NA]	[DirectedInteraction]	3	[WP3925, WP100, WP3604]	[PW_0000011, PW_0000002, PW_0000134]	[NA, 9715748]	[Amino Acid metabolism, Glutathione metabolism, Biochemical Pathways Part I]	[NA]	 3	[NA]	[NA]
610800	AllInteractions	507598	513674	[30042655, NA]	[GCLM]	[NA]	[DirectedInteraction]	3	[WP3925, WP100, WP3604]	[PW_0000011, PW_0000002, PW_0000134]	[NA, 9715748]	[Amino Acid metabolism, Glutathione metabolism, Biochemical Pathways Part I]	[NA]	 3	[NA]	[NA]
612933	AllInteractions	514807	514806	[NA]	[3.4.13.3, carnosinase]	[NA]	[DirectedInteraction, Conversion]	1	[WP4486]	[PW_0001267]	[16327029, 2206021]	[Carnosine's role in muscle contraction]	[NA]	 1	[NA]	[NA]
612932	AllInteractions	507330	514807	[NA]	[3.4.13.3, carnosinase]	[NA]	[DirectedInteraction, Conversion]	1	[WP4486]	[PW_0001267]	[16327029, 2206021]	[Carnosine's role in muscle contraction]	[NA]	 1	[NA]	[NA]
610475	AllInteractions	513498	507768	[NA]	[UPRT]	[NA]	[DirectedInteraction, Conversion]	2	[WP4022, WP3604]	[PW_0000032, PW_0000002]	[NA, 9715748]	[Pyrimidine metabolism, Biochemical Pathways Part I]	[NA]	 2	[NA]	[NA]
612971	AllInteractions	514827	507809	[NA]	[DPYD, DPD, DPYD dimer]	[NA, DOID_14218, DOID_0050832, DOID_0050833]	[DirectedInteraction, Conversion]	5	[WP4584, WP4225, WP4022, WP4042, WP3604]	[PW_0000032, PW_0002210, PW_0001776, PW_0001603, PW_0001605, PW_0000002, NA, PW_0000013]	[NA, 9715748, 4620886, 10989446, 3090932]	[Biomarkers for pyrimidine metabolism disorders, Pyrimidine metabolism, Nucleobase catabolism, Biochemical Pathways Part I]	[NA, 8083224]	 4	[NA]	[RHEA:20191]
610474	AllInteractions	508180	513498	[NA]	[UPRT]	[NA]	[DirectedInteraction, Conversion]	2	[WP4022, WP3604]	[PW_0000032, PW_0000002]	[NA, 9715748]	[Pyrimidine metabolism, Biochemical Pathways Part I]	[NA]	 2	[NA]	[NA]
612970	AllInteractions	507768	514827	[NA]	[DPYD, DPD, DPYD dimer]	[NA, DOID_14218, DOID_0050832, DOID_0050833]	[DirectedInteraction, Conversion]	5	[WP4584, WP4225, WP4022, WP4042, WP3604]	[PW_0000032, PW_0002210, PW_0001776, PW_0001603, PW_0001605, PW_0000002, NA, PW_0000013]	[NA, 9715748, 4620886, 10989446, 3090932]	[Biomarkers for pyrimidine metabolism disorders, Pyrimidine metabolism, Nucleobase catabolism, Biochemical Pathways Part I]	[NA, 8083224]	 4	[NA]	[RHEA:20191]
603037	AllInteractions	507458	509391	[NA]	[UPB1, UP]	[DOID_0050832, DOID_0050833, DOID_14218]	[DirectedInteraction, Conversion]	2	[WP4584, WP4225]	[PW_0001603, PW_0000013, PW_0001776, PW_0000032, PW_0001605, PW_0002210]	[NA]	[Biomarkers for pyrimidine metabolism disorders]	[NA]	 1	[NA]	[RHEA:11185]
615023	AllInteractions	515909	507330	[NA]	[CARNS1, 6.3.2.11, carnosine  synthetase, ec:6.3.2.11]	[NA]	[DirectedInteraction, Conversion]	2	[WP4988, WP4486]	[PW_0001267]	[5057083, 16327029, 2206021]	[Histidine catabolism, Carnosine's role in muscle contraction]	[20097752, NA]	 2	[NA, 3067017]	[NA]
603038	AllInteractions	509391	508152	[NA]	[UPB1, UP]	[DOID_0050832, DOID_0050833, DOID_14218]	[DirectedInteraction, Conversion]	2	[WP4584, WP4225]	[PW_0001603, PW_0000013, PW_0001776, PW_0000032, PW_0001605, PW_0002210]	[NA]	[Biomarkers for pyrimidine metabolism disorders]	[NA]	 1	[NA]	[RHEA:11185]
615022	AllInteractions	508152	515909	[NA]	[CARNS1, 6.3.2.11, carnosine  synthetase, ec:6.3.2.11]	[NA]	[DirectedInteraction, Conversion]	2	[WP4988, WP4486]	[PW_0001267]	[5057083, 16327029, 2206021]	[Histidine catabolism, Carnosine's role in muscle contraction]	[20097752, NA]	 2	[NA, 3067017]	[NA]
604257	AllInteractions	510074	507458	[NA]	[DPYS, DHP]	[DOID_0050832, DOID_0050833, DOID_14218]	[DirectedInteraction, Conversion]	2	[WP4584, WP4225]	[PW_0001603, PW_0001605, PW_0000013, PW_0001776, PW_0000032, PW_0002210]	[NA]	[Biomarkers for pyrimidine metabolism disorders]	[NA]	 1	[NA]	[RHEA:16122]
604256	AllInteractions	507809	510074	[NA]	[DPYS, DHP]	[DOID_0050832, DOID_0050833, DOID_14218]	[DirectedInteraction, Conversion]	2	[WP4584, WP4225]	[PW_0001603, PW_0001605, PW_0000013, PW_0001776, PW_0000032, PW_0002210]	[NA]	[Biomarkers for pyrimidine metabolism disorders]	[NA]	 1	[NA]	[RHEA:16122]
609639	AllInteractions	513040	508180	[NA]	[30.8, DPAGT1, SLC35A3]	[NA]	[DirectedInteraction]	2	[WP1785, WP1937]	[PW_0000432, PW_0000103]	[19616933, 10580125, 16807922, 10334869, 19164095, 14579113, 16981043, 23506886, 19647993, 9096318]	[Asparagine N-linked glycosylation, Transport of vitamins, nucleosides, and related molecules]	[12872255, 22742743, 9451016, 10393322]	 2	[NA]	[NA]
609638	AllInteractions	507444	513040	[NA]	[30.8, DPAGT1, SLC35A3]	[NA]	[DirectedInteraction]	2	[WP1785, WP1937]	[PW_0000432, PW_0000103]	[19616933, 10580125, 16807922, 10334869, 19164095, 14579113, 16981043, 23506886, 19647993, 9096318]	[Asparagine N-linked glycosylation, Transport of vitamins, nucleosides, and related molecules]	[12872255, 22742743, 9451016, 10393322]	 2	[NA]	[NA]
606443	AllInteractions	511295	508161	[NA]	[DPYS, DPYS tetramer]	[NA]	[DirectedInteraction]	3	[WP4022, WP4042, WP3604]	[PW_0000032, PW_0000002, NA]	[NA, 9715748, 10989446, 3090932, 4620886]	[Pyrimidine metabolism, Nucleobase catabolism, Biochemical Pathways Part I]	[NA, 9718352]	 3	[NA]	[NA]
606442	AllInteractions	507809	511295	[NA]	[DPYS, DPYS tetramer]	[NA]	[DirectedInteraction]	3	[WP4022, WP4042, WP3604]	[PW_0000032, PW_0000002, NA]	[NA, 9715748, 10989446, 3090932, 4620886]	[Pyrimidine metabolism, Nucleobase catabolism, Biochemical Pathways Part I]	[NA, 9718352]	 3	[NA]	[NA]
607793	AllInteractions	512035	508152	[NA]	[UPB1, UPB1:Zn2+]	[NA]	[DirectedInteraction]	3	[WP4022, WP4042, WP3604]	[PW_0000032, PW_0000002, NA]	[NA, 9715748, 4620886, 10989446, 3090932]	[Pyrimidine metabolism, Nucleobase catabolism, Biochemical Pathways Part I]	[NA, 15385443]	 3	[NA]	[NA]
607792	AllInteractions	508161	512035	[NA]	[UPB1, UPB1:Zn2+]	[NA]	[DirectedInteraction]	3	[WP4022, WP4042, WP3604]	[PW_0000032, PW_0000002, NA]	[NA, 9715748, 4620886, 10989446, 3090932]	[Pyrimidine metabolism, Nucleobase catabolism, Biochemical Pathways Part I]	[NA, 15385443]	 3	[NA]	[NA]
607097	AllInteractions	511653	507327	[NA]	[CTPS tetramer, CTPS2 tetramer]	[NA]	[DirectedInteraction]	1	[WP4059]	[NA]	[5940, 11008000, 177353]	[Interconversion of nucleotide di- and triphosphates]	[16179339, 16820675, 10899599]	 2	[NA]	[NA]
607096	AllInteractions	507678	511653	[NA]	[CTPS tetramer, CTPS2 tetramer]	[NA]	[DirectedInteraction]	1	[WP4059]	[NA]	[5940, 11008000, 177353]	[Interconversion of nucleotide di- and triphosphates]	[16179339, 16820675, 10899599]	 2	[NA]	[NA]
609947	AllInteractions	513208	507325	[NA]	[GPI-GnT, POMGNT2, POMGNT1, GCNTs, B3GNTs, A4GNT, OGT, Fringe family, GNE hexamer, B3GNT1,2,3,4,7, EXT1:EXT2, MGAT2, 30.13, ALG13:ALG14, MGAT1]	[NA]	[DirectedInteraction]	7	[WP5022, WP2743, WP2786, WP3315, WP1887, WP3363, WP1785]	[PW_0000003, PW_0000204, PW_0000004, PW_0000275, PW_0001557, PW_0000157, PW_0000002, PW_0001756, PW_0000432]	[10669757, 11524432, 11707585, 10935626, 10935637, 9187150, 18243100, 18347015, 12486116, 9244302, 9653148, 9727485, 21551231, 21602795, 19714243, 19723635, 9207795, 19701457, 19773441, 20080834, 20351093, 20495621, 20805998, 21464368, 21490058, 31712266, 24452471, 24773756, 18201392, 820626, 22722607, 9673446, NA, 21689720, 22526796, 10580125, 19616933, 19647993, 16807922]	[RIPK1-mediated regulated necrosis, Glycosaminoglycan metabolism, Pre-NOTCH Expression and Processing, O-linked glycosylation, Post-translational modification: synthesis of GPI-anchored proteins, Sialic acid metabolism, Asparagine N-linked glycosylation]	[10935626, 10935637, 9187150, 9207795, 21097675, 30770249, 10639137, 11169766, 9463333, NA, 22958903, 23929950, 11042166, 11283017, 11821425, 15486459, 15560372, 15620693, 9417100, 10944123, 16162815, 8900170, 9463366, 11709191, 10753916, 1329093, 9915862, 10430883, 11304796, 9988682, 17113861, 12743242, 15136692, 7252518, 10334995, 10431835, 11528398, 11916006, 12177386, 12473780, 10330343, 7635144, 12417412, 8808595, 16100110, 1702225, 1827260]	18	[NA]	[NA]
609946	AllInteractions	507444	513208	[NA]	[GPI-GnT, POMGNT2, POMGNT1, GCNTs, B3GNTs, A4GNT, OGT, Fringe family, GNE hexamer, B3GNT1,2,3,4,7, EXT1:EXT2, MGAT2, 30.13, ALG13:ALG14, MGAT1]	[NA]	[DirectedInteraction]	7	[WP5022, WP2743, WP2786, WP3315, WP1887, WP3363, WP1785]	[PW_0000003, PW_0000204, PW_0000004, PW_0000275, PW_0001557, PW_0000157, PW_0000002, PW_0001756, PW_0000432]	[10669757, 11524432, 11707585, 10935626, 10935637, 9187150, 18243100, 18347015, 12486116, 9244302, 9653148, 9727485, 21551231, 21602795, 19714243, 19723635, 9207795, 19701457, 19773441, 20080834, 20351093, 20495621, 20805998, 21464368, 21490058, 31712266, 24452471, 24773756, 18201392, 820626, 22722607, 9673446, NA, 21689720, 22526796, 10580125, 19616933, 19647993, 16807922]	[RIPK1-mediated regulated necrosis, Glycosaminoglycan metabolism, Pre-NOTCH Expression and Processing, O-linked glycosylation, Post-translational modification: synthesis of GPI-anchored proteins, Sialic acid metabolism, Asparagine N-linked glycosylation]	[10935626, 10935637, 9187150, 9207795, 21097675, 30770249, 10639137, 11169766, 9463333, NA, 22958903, 23929950, 11042166, 11283017, 11821425, 15486459, 15560372, 15620693, 9417100, 10944123, 16162815, 8900170, 9463366, 11709191, 10753916, 1329093, 9915862, 10430883, 11304796, 9988682, 17113861, 12743242, 15136692, 7252518, 10334995, 10431835, 11528398, 11916006, 12177386, 12473780, 10330343, 7635144, 12417412, 8808595, 16100110, 1702225, 1827260]	18	[NA]	[NA]
609487	AllInteractions	512955	508224	[NA]	[4.1.1.12]	[NA]	[DirectedInteraction]	1	[WP106]	[PW_0000028, PW_0000011]	[9687539, 19455135]	[Alanine and aspartate metabolism]	[NA]	 1	[NA]	[NA]
609486	AllInteractions	507572	512955	[NA]	[4.1.1.12]	[NA]	[DirectedInteraction]	1	[WP106]	[PW_0000028, PW_0000011]	[9687539, 19455135]	[Alanine and aspartate metabolism]	[NA]	 1	[NA]	[NA]
609955	AllInteractions	513213	507678	[NA]	[NA]	[NA]	[DirectedInteraction]	2	[WP4022, WP3604]	[PW_0000032, PW_0000002]	[NA, 9715748]	[Pyrimidine metabolism, Biochemical Pathways Part I]	[NA]	 2	[NA]	[NA]
613683	AllInteractions	515203	507572	[NA]	[PXLP-K341-GPT2 dimer, PXLP-K314-GPT dimer]	[NA]	[DirectedInteraction]	1	[WP4980]	[PW_0000438]	[1094924, 371355]	[Alanine metabolism]	[11863375, 19360321, 1931970, 9119391]	 2	[NA]	[NA]
606339	AllInteractions	511239	507330	[NA]	[6.3.2.11, carnosine  synthetase, ec:6.3.2.11, 3.4.13.3, carnosinase]	[NA]	[DirectedInteraction]	1	[WP106]	[PW_0000028, PW_0000011]	[9687539, 19455135]	[Alanine and aspartate metabolism]	[NA]	 2	[NA]	[NA]
609954	AllInteractions	507325	513213	[NA]	[NA]	[NA]	[DirectedInteraction]	2	[WP4022, WP3604]	[PW_0000032, PW_0000002]	[NA, 9715748]	[Pyrimidine metabolism, Biochemical Pathways Part I]	[NA]	 2	[NA]	[NA]
613682	AllInteractions	507327	515203	[NA]	[PXLP-K341-GPT2 dimer, PXLP-K314-GPT dimer]	[NA]	[DirectedInteraction]	1	[WP4980]	[PW_0000438]	[1094924, 371355]	[Alanine metabolism]	[11863375, 19360321, 1931970, 9119391]	 2	[NA]	[NA]
606338	AllInteractions	508224	511239	[NA]	[6.3.2.11, carnosine  synthetase, ec:6.3.2.11, 3.4.13.3, carnosinase]	[NA]	[DirectedInteraction]	1	[WP106]	[PW_0000028, PW_0000011]	[9687539, 19455135]	[Alanine and aspartate metabolism]	[NA]	 2	[NA]	[NA]
603721	AllInteractions	509767	508060	[NA]	[AKR1B, AKR1B1]	[NA]	[DirectedInteraction]	1	[WP4039]	[NA]	[13093749, 14401391, 23493538, 23493540, 18220710, 25639270, 26199742, 24666553, 5823111, 8213607]	[Fructose metabolism]	[2112546, 8281941, 1420136, 14401390, 15272156, 18220710]	 1	[NA]	[NA]
603720	AllInteractions	507665	509767	[NA]	[AKR1B, AKR1B1]	[NA]	[DirectedInteraction]	1	[WP4039]	[NA]	[13093749, 14401391, 23493538, 23493540, 18220710, 25639270, 26199742, 24666553, 5823111, 8213607]	[Fructose metabolism]	[2112546, 8281941, 1420136, 14401390, 15272156, 18220710]	 1	[NA]	[NA]
615905	AllInteractions	516374	507665	[NA]	[GBA:SAPC, GBA3, GBA2]	[NA]	[DirectedInteraction]	1	[WP2788]	[PW_0000197]	[12011104, 18165232, 18216770]	[Sphingolipid metabolism]	[11489889, 17105727, 10781797, 3456607, 8889578, 11784319, 12594539]	 3	[NA]	[NA]
615904	AllInteractions	507558	516374	[NA]	[GBA:SAPC, GBA3, GBA2]	[NA]	[DirectedInteraction]	1	[WP2788]	[PW_0000197]	[12011104, 18165232, 18216770]	[Sphingolipid metabolism]	[11489889, 17105727, 10781797, 3456607, 8889578, 11784319, 12594539]	 3	[NA]	[NA]
609595	AllInteractions	513016	507558	[NA]	[UGCG, GlcCer synthase]	[NA]	[DirectedInteraction]	1	[WP2788]	[PW_0000197]	[12011104, 18216770, 18165232]	[Sphingolipid metabolism]	[8643456]	 1	[NA]	[NA]
609594	AllInteractions	507654	513016	[NA]	[UGCG, GlcCer synthase]	[NA]	[DirectedInteraction]	1	[WP2788]	[PW_0000197]	[12011104, 18216770, 18165232]	[Sphingolipid metabolism]	[8643456]	 1	[NA]	[NA]
607965	AllInteractions	512129	507654	[NA]	[8xUGP2]	[NA]	[DirectedInteraction]	2	[WP4072, WP4111]	[NA]	[18651836, 22248338, 9806880, 5264799, 183599, 4320262, 11805192]	[Glycogen metabolism, Phase II - Conjugation of compounds]	[5427280, 8631325, 5348606]	 2	[NA]	[NA]
607964	AllInteractions	507678	512129	[NA]	[8xUGP2]	[NA]	[DirectedInteraction]	2	[WP4072, WP4111]	[NA]	[18651836, 22248338, 9806880, 5264799, 183599, 4320262, 11805192]	[Glycogen metabolism, Phase II - Conjugation of compounds]	[5427280, 8631325, 5348606]	 2	[NA]	[NA]
609277	AllInteractions	512847	507554	[NA]	[GLUL decamer]	[NA]	[DirectedInteraction]	2	[WP1872, WP4992]	[PW_0001086, PW_0000004, PW_0000103, PW_0001262]	[1094924, 2205732, 371355, NA]	[Neurotransmitter uptake and metabolism In glial cells, Glutamate and glutamine metabolism]	[16267323, 18005987]	 2	[NA]	[NA]
609276	AllInteractions	507327	512847	[NA]	[GLUL decamer]	[NA]	[DirectedInteraction]	2	[WP1872, WP4992]	[PW_0001086, PW_0000004, PW_0000103, PW_0001262]	[1094924, 2205732, 371355, NA]	[Neurotransmitter uptake and metabolism In glial cells, Glutamate and glutamine metabolism]	[16267323, 18005987]	 2	[NA]	[NA]
605963	AllInteractions	511028	507645	[NA]	[ARG2 trimer, ARG1 trimer, GATM dimer]	[NA]	[DirectedInteraction]	2	[WP4973, WP5002]	[PW_0000076, PW_0000404]	[NA, 10893433]	[Urea cycle, Creatine metabolism]	[16141327, 7649538, 12859189, 8898077, 9686347, 9218780, 11555793, 9148748]	 3	[NA]	[NA]
605962	AllInteractions	507556	511028	[NA]	[ARG2 trimer, ARG1 trimer, GATM dimer]	[NA]	[DirectedInteraction]	2	[WP4973, WP5002]	[PW_0000076, PW_0000404]	[NA, 10893433]	[Urea cycle, Creatine metabolism]	[16141327, 7649538, 12859189, 8898077, 9686347, 9218780, 11555793, 9148748]	 3	[NA]	[NA]
607485	AllInteractions	511865	507327	[NA]	[OAT hexamer]	[NA]	[DirectedInteraction]	1	[WP4992]	[PW_0001262, PW_0001086]	[2205732, 371355, 1094924]	[Glutamate and glutamine metabolism]	[1737786, 6819292, 9514741]	 1	[NA]	[NA]
607484	AllInteractions	507645	511865	[NA]	[OAT hexamer]	[NA]	[DirectedInteraction]	1	[WP4992]	[PW_0001262, PW_0001086]	[2205732, 371355, 1094924]	[Glutamate and glutamine metabolism]	[1737786, 6819292, 9514741]	 1	[NA]	[NA]
609619	AllInteractions	513029	507556	[NA]	[SLC7A6:SLC3A2 heterodimer, SLC7A7:SLC3A2 heterodimer]	[NA]	[DirectedInteraction]	1	[WP1936]	[PW_0000103]	[18400693, 18195086, 17581921, 17693766, 12734757, 18690016, 19164095, 16955105, 12845533, 12739168, 12759754, 16461757]	[oligopeptides]	[9878049, 10903140]	 2	[NA]	[NA]
609618	AllInteractions	507467	513029	[NA]	[SLC7A6:SLC3A2 heterodimer, SLC7A7:SLC3A2 heterodimer]	[NA]	[DirectedInteraction]	1	[WP1936]	[PW_0000103]	[18400693, 18195086, 17581921, 17693766, 12734757, 18690016, 19164095, 16955105, 12845533, 12739168, 12759754, 16461757]	[oligopeptides]	[9878049, 10903140]	 2	[NA]	[NA]
616073	AllInteractions	516467	507444	[NA]	[2xUAP1]	[NA]	[DirectedInteraction]	1	[WP1785]	[PW_0000432]	[10580125, 16807922, 19616933, 19647993]	[Asparagine N-linked glycosylation]	[11707391]	 1	[NA]	[NA]
616072	AllInteractions	507678	516467	[NA]	[2xUAP1]	[NA]	[DirectedInteraction]	1	[WP1785]	[PW_0000432]	[10580125, 16807922, 19616933, 19647993]	[Asparagine N-linked glycosylation]	[11707391]	 1	[NA]	[NA]
603339	AllInteractions	509559	507404	[17496232]	[p-S1177-eNOS:CaM:HSP90:p-AKT1:BH4, NOS1, Nitric oxide synthase, NOS1,2,3, NOS2, iNOS]	[NA, DOID_1074, DOID_557, DOID_9267, DOID_9271, DOID_9273, DOID_14755, DOID_9280, DOID_9278, DOID_0050117]	[DirectedInteraction, Conversion]	7	[WP4595, WP4977, WP4838, WP1919, WP3551, WP1885, WP1850]	[PW_0000507, PW_0000243, NA, PW_0000002, PW_0000013, PW_0000076, PW_0002142, PW_0000023, PW_0000004, PW_0000355]	[12511868, 14534365, 15033483, 15496458, 15956359, 16274718, 17037979, 17424910, 17535799, 17916740, 21354435, 21680538, 18657504, 29980625, 22446104, 27288742, 21851428, 22028449, 28539435, 22031296, 15585754, 16336962, 16835467, 13678960, 26398287, 12842859, 16722822, 17237348, NA, 19369951, 23617726, 10798271]	[Urea cycle and associated pathways, Extra-nuclear estrogen signaling, Regucalcin in proximal tubule epithelial kidney cells, Signaling by VEGF, ROS and RNS production in phagocytes, Platelet homeostasis, Metabolism of nitric oxide: NOS3 activation and regulation]	[8782602, 15467163, 7526779, 9173876, NA, 19089323]	 7	[NA]	[RHEA:33944]
603338	AllInteractions	507556	509559	[17496232]	[p-S1177-eNOS:CaM:HSP90:p-AKT1:BH4, NOS1, Nitric oxide synthase, NOS1,2,3, NOS2, iNOS]	[NA, DOID_1074, DOID_557, DOID_9267, DOID_9271, DOID_9273, DOID_14755, DOID_9280, DOID_9278, DOID_0050117]	[DirectedInteraction, Conversion]	7	[WP4595, WP4977, WP4838, WP1919, WP3551, WP1885, WP1850]	[PW_0000507, PW_0000243, NA, PW_0000002, PW_0000013, PW_0000076, PW_0002142, PW_0000023, PW_0000004, PW_0000355]	[12511868, 14534365, 15033483, 15496458, 15956359, 16274718, 17037979, 17424910, 17535799, 17916740, 21354435, 21680538, 18657504, 29980625, 22446104, 27288742, 21851428, 22028449, 28539435, 22031296, 15585754, 16336962, 16835467, 13678960, 26398287, 12842859, 16722822, 17237348, NA, 19369951, 23617726, 10798271]	[Urea cycle and associated pathways, Extra-nuclear estrogen signaling, Regucalcin in proximal tubule epithelial kidney cells, Signaling by VEGF, ROS and RNS production in phagocytes, Platelet homeostasis, Metabolism of nitric oxide: NOS3 activation and regulation]	[8782602, 15467163, 7526779, 9173876, NA, 19089323]	 7	[NA]	[RHEA:33944]
609229	AllInteractions	512822	507642	[NA]	[HMOX1,2]	[NA]	[DirectedInteraction]	2	[WP1852, WP2670]	[PW_0000190, PW_0000591]	[NA, 18259769, 19381358, 20495089]	[Metabolism of porphyrins, Iron uptake and transport]	[NA]	 2	[NA]	[NA]
609228	AllInteractions	507828	512822	[NA]	[HMOX1,2]	[NA]	[DirectedInteraction]	2	[WP1852, WP2670]	[PW_0000190, PW_0000591]	[NA, 18259769, 19381358, 20495089]	[Metabolism of porphyrins, Iron uptake and transport]	[NA]	 2	[NA]	[NA]
605477	AllInteractions	510762	507325	[NA]	[UGT1A4]	[NA]	[DirectedInteraction]	2	[WP1852, WP4111]	[PW_0000190, NA]	[NA, 11805192]	[Metabolism of porphyrins, Phase II - Conjugation of compounds]	[1339448, 8027054]	 3	[NA]	[NA]
605476	AllInteractions	508078	510762	[NA]	[UGT1A4]	[NA]	[DirectedInteraction]	2	[WP1852, WP4111]	[PW_0000190, NA]	[NA, 11805192]	[Metabolism of porphyrins, Phase II - Conjugation of compounds]	[1339448, 8027054]	 3	[NA]	[NA]
614809	AllInteractions	515800	507828	[NA]	[NA]	[DOID_0050117]	[DirectedInteraction]	1	[WP3551]	[PW_0000023]	[19369951, 23617726]	[ROS and RNS production in phagocytes]	[7499306, 8170969]	 1	[17496232]	[NA]
607385	AllInteractions	511809	508078	[NA]	[BLVRA:Zn2+,BLVRB]	[NA]	[DirectedInteraction, Conversion]	2	[WP1852, WP4495]	[PW_0000003, PW_0000190]	[23943603, 26253919, NA]	[Metabolism of porphyrins, IL-10 Anti-inflammatory Signaling Pathway ]	[NA, 10620517, 22823425]	 2	[NA]	[NA]
614808	AllInteractions	507404	515800	[NA]	[NA]	[DOID_0050117]	[DirectedInteraction]	1	[WP3551]	[PW_0000023]	[19369951, 23617726]	[ROS and RNS production in phagocytes]	[7499306, 8170969]	 1	[17496232]	[NA]
607384	AllInteractions	507642	511809	[NA]	[BLVRA:Zn2+,BLVRB]	[NA]	[DirectedInteraction, Conversion]	2	[WP1852, WP4495]	[PW_0000003, PW_0000190]	[23943603, 26253919, NA]	[Metabolism of porphyrins, IL-10 Anti-inflammatory Signaling Pathway ]	[NA, 10620517, 22823425]	 2	[NA]	[NA]
602883	AllInteractions	509306	508180	[NA]	[CANT1]	[NA]	[DirectedInteraction, Conversion]	2	[WP4022, WP4784]	[PW_0000032, PW_0000002]	[NA, 31286677]	[Pyrimidine metabolism, Proteoglycan biosynthesis]	[NA]	 3	[NA]	[NA]
602882	AllInteractions	507325	509306	[NA]	[CANT1]	[NA]	[DirectedInteraction, Conversion]	2	[WP4022, WP4784]	[PW_0000032, PW_0000002]	[NA, 31286677]	[Pyrimidine metabolism, Proteoglycan biosynthesis]	[NA]	 3	[NA]	[NA]
610411	AllInteractions	513465	507908	[NA]	[p-S1177-eNOS:CaM:HSP90:p-AKT1:BH4, NOS1,2,3, NOS2, iNOS]	[NA, DOID_0050117, DOID_9271, DOID_9273, DOID_9278, DOID_9267, DOID_14755, DOID_9280]	[DirectedInteraction, Conversion]	6	[WP4595, WP4977, WP1919, WP3551, WP1885, WP1850]	[PW_0000507, PW_0000243, PW_0000002, PW_0000023, PW_0000004, PW_0000355, PW_0000013, PW_0000076, PW_0002142]	[12511868, 14534365, 15033483, 15496458, 15956359, 16274718, 17037979, 17424910, 17535799, 17916740, 21354435, 21680538, 18657504, 21851428, 22028449, 29980625, 22446104, 27288742, 22031296, 28539435, 15585754, 16336962, 16835467, 13678960, 16722822, 17237348, 12842859, 19369951, 23617726, 10798271, NA]	[Urea cycle and associated pathways, Extra-nuclear estrogen signaling, Signaling by VEGF, ROS and RNS production in phagocytes, Platelet homeostasis, Metabolism of nitric oxide: NOS3 activation and regulation]	[8782602, 15467163, 7526779, 9173876, 19089323, NA]	 6	[NA]	[RHEA:33944]
610410	AllInteractions	507556	513465	[NA]	[p-S1177-eNOS:CaM:HSP90:p-AKT1:BH4, NOS1,2,3, NOS2, iNOS]	[NA, DOID_0050117, DOID_9271, DOID_9273, DOID_9278, DOID_9267, DOID_14755, DOID_9280]	[DirectedInteraction, Conversion]	6	[WP4595, WP4977, WP1919, WP3551, WP1885, WP1850]	[PW_0000507, PW_0000243, PW_0000002, PW_0000023, PW_0000004, PW_0000355, PW_0000013, PW_0000076, PW_0002142]	[12511868, 14534365, 15033483, 15496458, 15956359, 16274718, 17037979, 17424910, 17535799, 17916740, 21354435, 21680538, 18657504, 21851428, 22028449, 29980625, 22446104, 27288742, 22031296, 28539435, 15585754, 16336962, 16835467, 13678960, 16722822, 17237348, 12842859, 19369951, 23617726, 10798271, NA]	[Urea cycle and associated pathways, Extra-nuclear estrogen signaling, Signaling by VEGF, ROS and RNS production in phagocytes, Platelet homeostasis, Metabolism of nitric oxide: NOS3 activation and regulation]	[8782602, 15467163, 7526779, 9173876, 19089323, NA]	 6	[NA]	[RHEA:33944]
613715	AllInteractions	515219	507618	[NA]	[NA]	[NA]	[DirectedInteraction]	2	[WP3925, WP3604]	[PW_0000011, PW_0000002]	[NA, 9715748]	[Amino Acid metabolism, Biochemical Pathways Part I]	[NA]	 2	[NA]	[NA]
613714	AllInteractions	507382	515219	[NA]	[NA]	[NA]	[DirectedInteraction]	2	[WP3925, WP3604]	[PW_0000011, PW_0000002]	[NA, 9715748]	[Amino Acid metabolism, Biochemical Pathways Part I]	[NA]	 2	[NA]	[NA]
608215	AllInteractions	512268	507645	[NA]	[Mitochondrial ornithine transporters]	[NA]	[DirectedInteraction]	1	[WP4973]	[PW_0000076]	[NA]	[Urea cycle]	[10369256, 12807890, 12948741]	 1	[NA]	[NA]
608214	AllInteractions	507908	512268	[NA]	[Mitochondrial ornithine transporters]	[NA]	[DirectedInteraction]	1	[WP4973]	[PW_0000076]	[NA]	[Urea cycle]	[10369256, 12807890, 12948741]	 1	[NA]	[NA]
613481	AllInteractions	515095	508017	[NA]	[ASS1 tetramer:NMRAL1 dimer:NADPH]	[NA]	[DirectedInteraction, Conversion]	2	[WP4973, WP3602]	[PW_0000076, PW_0000002]	[NA]	[Urea cycle, Human metabolism overview]	[17496144, 18263583, 18323623, 19006241, 518841, NA]	 2	[NA]	[NA]
613480	AllInteractions	507908	515095	[NA]	[ASS1 tetramer:NMRAL1 dimer:NADPH]	[NA]	[DirectedInteraction, Conversion]	2	[WP4973, WP3602]	[PW_0000076, PW_0000002]	[NA]	[Urea cycle, Human metabolism overview]	[17496144, 18263583, 18323623, 19006241, 518841, NA]	 2	[NA]	[NA]
605273	AllInteractions	510648	507556	[NA]	[ASL]	[DOID_14755, DOID_9280, DOID_9278, DOID_9271, DOID_9273, DOID_9267]	[DirectedInteraction, Conversion]	3	[WP4571, WP4595, WP4583]	[PW_0000076, PW_0000013, PW_0002142]	[20301396, NA]	[Urea cycle and related diseases]	[NA]	 1	[NA]	[RHEA:24021]
605272	AllInteractions	508018	510648	[NA]	[ASL]	[DOID_14755, DOID_9280, DOID_9278, DOID_9271, DOID_9273, DOID_9267]	[DirectedInteraction, Conversion]	3	[WP4571, WP4595, WP4583]	[PW_0000076, PW_0000013, PW_0002142]	[20301396, NA]	[Urea cycle and related diseases]	[NA]	 1	[NA]	[RHEA:24021]
611323	AllInteractions	513948	508018	[NA]	[ASS1, ASS]	[DOID_9273, DOID_9278, DOID_9280, DOID_14755, DOID_9267, DOID_9271]	[DirectedInteraction, Conversion]	3	[WP4571, WP4595, WP4583]	[PW_0000076, PW_0002142, PW_0000013]	[20301396, NA]	[Urea cycle and related diseases]	[NA]	 1	[NA]	[RHEA:10933]
611322	AllInteractions	507908	513948	[NA]	[ASS1, ASS]	[DOID_9273, DOID_9278, DOID_9280, DOID_14755, DOID_9267, DOID_9271]	[DirectedInteraction, Conversion]	3	[WP4571, WP4595, WP4583]	[PW_0000076, PW_0002142, PW_0000013]	[20301396, NA]	[Urea cycle and related diseases]	[NA]	 1	[NA]	[RHEA:10933]
611429	AllInteractions	514003	507593	[NA]	[ASL, AC068533.7]	[NA]	[DirectedInteraction]	3	[WP3925, WP497, WP3604]	[PW_0000011, PW_0000076, PW_0000002]	[NA, 9715748]	[Amino Acid metabolism, Urea cycle and metabolism of amino groups, Biochemical Pathways Part I]	[NA]	 3	[NA]	[NA]
605861	AllInteractions	510970	507511	[NA]	[NA]	[NA]	[DirectedInteraction, Conversion]	1	[WP3602]	[PW_0000002]	[NA]	[Human metabolism overview]	[NA]	 1	[NA]	[NA]
611428	AllInteractions	507477	514003	[NA]	[ASL, AC068533.7]	[NA]	[DirectedInteraction]	3	[WP3925, WP497, WP3604]	[PW_0000011, PW_0000076, PW_0000002]	[NA, 9715748]	[Amino Acid metabolism, Urea cycle and metabolism of amino groups, Biochemical Pathways Part I]	[NA]	 3	[NA]	[NA]
605860	AllInteractions	507593	510970	[NA]	[NA]	[NA]	[DirectedInteraction, Conversion]	1	[WP3602]	[PW_0000002]	[NA]	[Human metabolism overview]	[NA]	 1	[NA]	[NA]
606353	AllInteractions	511246	507477	[NA]	[ASS1, ASS]	[NA]	[DirectedInteraction]	2	[WP497, WP3604]	[PW_0000076, PW_0000002]	[NA, 9715748]	[Urea cycle and metabolism of amino groups, Biochemical Pathways Part I]	[NA]	 2	[NA]	[NA]
606289	AllInteractions	511212	507618	[NA]	[FAHD1:Mg2+ dimer, PC]	[NA]	[DirectedInteraction]	3	[WP3925, WP2766, WP106]	[PW_0000011, PW_0000002, PW_0000026, PW_0000028]	[NA, 9687539, 19455135]	[Amino Acid metabolism, The citric acid (TCA) cycle and respiratory electron transport, Alanine and aspartate metabolism]	[NA, 15551868, 25575590]	 3	[NA]	[NA]
606352	AllInteractions	507908	511246	[NA]	[ASS1, ASS]	[NA]	[DirectedInteraction]	2	[WP497, WP3604]	[PW_0000076, PW_0000002]	[NA, 9715748]	[Urea cycle and metabolism of amino groups, Biochemical Pathways Part I]	[NA]	 2	[NA]	[NA]
606288	AllInteractions	507511	511212	[NA]	[FAHD1:Mg2+ dimer, PC]	[NA]	[DirectedInteraction]	3	[WP3925, WP2766, WP106]	[PW_0000011, PW_0000002, PW_0000026, PW_0000028]	[NA, 9687539, 19455135]	[Amino Acid metabolism, The citric acid (TCA) cycle and respiratory electron transport, Alanine and aspartate metabolism]	[NA, 15551868, 25575590]	 3	[NA]	[NA]
607227	AllInteractions	511724	507618	[NA]	[ME1:Mg2+ tetramer, ME3:Mg2+ tetramer, ME2:Mg2+ tetramer]	[NA]	[DirectedInteraction, Conversion]	2	[WP2766, WP3602]	[PW_0000026, PW_0000002]	[NA]	[The citric acid (TCA) cycle and respiratory electron transport, Human metabolism overview]	[12962632, 14596586, 1993674, 23284632, 1935931, 24998673, 7818469, NA]	 4	[NA]	[NA]
607226	AllInteractions	508127	511724	[NA]	[ME1:Mg2+ tetramer, ME3:Mg2+ tetramer, ME2:Mg2+ tetramer]	[NA]	[DirectedInteraction, Conversion]	2	[WP2766, WP3602]	[PW_0000026, PW_0000002]	[NA]	[The citric acid (TCA) cycle and respiratory electron transport, Human metabolism overview]	[12962632, 14596586, 1993674, 23284632, 1935931, 24998673, 7818469, NA]	 4	[NA]	[NA]
608497	AllInteractions	512421	508127	[NA]	[FH, FH tetramer]	[NA, DOID_14749, DOID_890]	[DirectedInteraction, Conversion]	3	[WP2453, WP4236, WP2766]	[PW_0000013, PW_0000026, PW_0001752, PW_0000002, PW_0002098]	[NA]	[TCA Cycle and Deficiency of Pyruvate Dehydrogenase complex (PDHc), Disorders of the Krebs cycle, The citric acid (TCA) cycle and respiratory electron transport]	[NA, 8200987]	 3	[NA]	[NA]
608496	AllInteractions	507593	512421	[NA]	[FH, FH tetramer]	[NA, DOID_14749, DOID_890]	[DirectedInteraction, Conversion]	3	[WP2453, WP4236, WP2766]	[PW_0000013, PW_0000026, PW_0001752, PW_0000002, PW_0002098]	[NA]	[TCA Cycle and Deficiency of Pyruvate Dehydrogenase complex (PDHc), Disorders of the Krebs cycle, The citric acid (TCA) cycle and respiratory electron transport]	[NA, 8200987]	 3	[NA]	[NA]
604621	AllInteractions	510284	507837	[NA]	[NA]	[NA]	[DirectedInteraction, Conversion]	3	[WP3925, WP3602, WP3604]	[PW_0000011, PW_0000002]	[NA, 9715748]	[Amino Acid metabolism, Human metabolism overview, Biochemical Pathways Part I]	[NA]	 3	[NA]	[NA]
604620	AllInteractions	507511	510284	[NA]	[NA]	[NA]	[DirectedInteraction, Conversion]	3	[WP3925, WP3602, WP3604]	[PW_0000011, PW_0000002]	[NA, 9715748]	[Amino Acid metabolism, Human metabolism overview, Biochemical Pathways Part I]	[NA]	 3	[NA]	[NA]
611649	AllInteractions	514120	508196	[NA]	[NA]	[NA]	[DirectedInteraction]	1	[WP3925]	[PW_0000011]	[NA]	[Amino Acid metabolism]	[NA]	 1	[NA]	[NA]
606145	AllInteractions	511131	508430	[NA]	[NA]	[NA]	[DirectedInteraction]	1	[WP3925]	[PW_0000011]	[NA]	[Amino Acid metabolism]	[NA]	 1	[NA]	[NA]
609281	AllInteractions	512849	508801	[NA]	[EHHADH]	[NA]	[DirectedInteraction]	3	[WP3925, WP3556, WP3604]	[PW_0000011, PW_0000002]	[NA, 30485760, 9715748]	[Amino Acid metabolism, Branched-chain amino acid catabolism, Biochemical Pathways Part I]	[NA]	 3	[NA]	[NA]
611648	AllInteractions	507998	514120	[NA]	[NA]	[NA]	[DirectedInteraction]	1	[WP3925]	[PW_0000011]	[NA]	[Amino Acid metabolism]	[NA]	 1	[NA]	[NA]
606144	AllInteractions	508196	511131	[NA]	[NA]	[NA]	[DirectedInteraction]	1	[WP3925]	[PW_0000011]	[NA]	[Amino Acid metabolism]	[NA]	 1	[NA]	[NA]
609280	AllInteractions	508605	512849	[NA]	[EHHADH]	[NA]	[DirectedInteraction]	3	[WP3925, WP3556, WP3604]	[PW_0000011, PW_0000002]	[NA, 30485760, 9715748]	[Amino Acid metabolism, Branched-chain amino acid catabolism, Biochemical Pathways Part I]	[NA]	 3	[NA]	[NA]
616923	AllInteractions	516913	507519	[NA]	[2xMMAA:2xMUT:AdoCbl]	[NA]	[DirectedInteraction]	2	[WP1857, WP4034]	[NA, PW_0000135]	[7951672, 10527676, 1431593, 11826276, NA]	[Metabolism of water-soluble vitamins and cofactors, Mitochondrial Fatty Acid Beta-Oxidation]	[12438653, 15523652, 16281286, 16866376, 20876572, 21138732, 2567699]	 2	[NA]	[NA]
616922	AllInteractions	509044	516913	[NA]	[2xMMAA:2xMUT:AdoCbl]	[NA]	[DirectedInteraction]	2	[WP1857, WP4034]	[NA, PW_0000135]	[7951672, 10527676, 1431593, 11826276, NA]	[Metabolism of water-soluble vitamins and cofactors, Mitochondrial Fatty Acid Beta-Oxidation]	[12438653, 15523652, 16281286, 16866376, 20876572, 21138732, 2567699]	 2	[NA]	[NA]
614301	AllInteractions	515529	508605	[NA]	[ACADSB tetramer, ACADM, ACADM gene]	[NA]	[DirectedInteraction]	3	[WP3925, WP3556, WP3604]	[PW_0000011, PW_0000002]	[NA, 30485760, 9715748]	[Amino Acid metabolism, Branched-chain amino acid catabolism, Biochemical Pathways Part I]	[NA, 10832746, 11013134]	 3	[NA]	[NA]
614300	AllInteractions	508430	515529	[NA]	[ACADSB tetramer, ACADM, ACADM gene]	[NA]	[DirectedInteraction]	3	[WP3925, WP3556, WP3604]	[PW_0000011, PW_0000002]	[NA, 30485760, 9715748]	[Amino Acid metabolism, Branched-chain amino acid catabolism, Biochemical Pathways Part I]	[NA, 10832746, 11013134]	 3	[NA]	[NA]
603683	AllInteractions	509746	507511	[NA]	[NA]	[NA]	[DirectedInteraction, Conversion]	1	[WP4297]	[PW_0000033, PW_0000136]	[NA]	[Thiamine metabolic pathways]	[NA]	 1	[NA]	[NA]
603682	AllInteractions	507651	509746	[NA]	[NA]	[NA]	[DirectedInteraction, Conversion]	1	[WP4297]	[PW_0000033, PW_0000136]	[NA]	[Thiamine metabolic pathways]	[NA]	 1	[NA]	[NA]
611621	AllInteractions	514105	508362	[NA]	[ACAA1]	[NA]	[DirectedInteraction]	2	[WP3925, WP3604]	[PW_0000011, PW_0000002]	[NA, 9715748]	[Amino Acid metabolism, Biochemical Pathways Part I]	[NA]	 2	[NA]	[NA]
603237	AllInteractions	509503	507651	[NA]	[OXCT dimers]	[NA]	[DirectedInteraction]	1	[WP4113]	[NA]	[21479626]	[Ketone body metabolism]	[11756565, 8751852]	 1	[NA]	[NA]
611620	AllInteractions	508043	514105	[NA]	[ACAA1]	[NA]	[DirectedInteraction]	2	[WP3925, WP3604]	[PW_0000011, PW_0000002]	[NA, 9715748]	[Amino Acid metabolism, Biochemical Pathways Part I]	[NA]	 2	[NA]	[NA]
603236	AllInteractions	507519	509503	[NA]	[OXCT dimers]	[NA]	[DirectedInteraction]	1	[WP4113]	[NA]	[21479626]	[Ketone body metabolism]	[11756565, 8751852]	 1	[NA]	[NA]
607291	AllInteractions	511758	509044	[NA]	[NA]	[NA]	[DirectedInteraction]	1	[WP3925]	[PW_0000011]	[NA]	[Amino Acid metabolism]	[NA]	 1	[NA]	[NA]
607290	AllInteractions	508362	511758	[NA]	[NA]	[NA]	[DirectedInteraction]	1	[WP3925]	[PW_0000011]	[NA]	[Amino Acid metabolism]	[NA]	 1	[NA]	[NA]
614783	AllInteractions	515786	508043	[NA]	[HSD17B10 tetramer, HADH]	[NA]	[DirectedInteraction]	3	[WP3925, WP3556, WP3604]	[PW_0000011, PW_0000002]	[NA, 9715748, 30485760]	[Amino Acid metabolism, Branched-chain amino acid catabolism, Biochemical Pathways Part I]	[NA, 12696021, 15342248]	 3	[NA]	[NA]
614782	AllInteractions	508801	515786	[NA]	[HSD17B10 tetramer, HADH]	[NA]	[DirectedInteraction]	3	[WP3925, WP3556, WP3604]	[PW_0000011, PW_0000002]	[NA, 9715748, 30485760]	[Amino Acid metabolism, Branched-chain amino acid catabolism, Biochemical Pathways Part I]	[NA, 12696021, 15342248]	 3	[NA]	[NA]
610737	AllInteractions	513639	508224	[NA]	[4.1.1.12]	[NA]	[DirectedInteraction]	1	[WP106]	[PW_0000028, PW_0000011]	[9687539, 19455135]	[Alanine and aspartate metabolism]	[NA]	 1	[NA]	[NA]
610736	AllInteractions	507837	513639	[NA]	[4.1.1.12]	[NA]	[DirectedInteraction]	1	[WP106]	[PW_0000028, PW_0000011]	[9687539, 19455135]	[Alanine and aspartate metabolism]	[NA]	 1	[NA]	[NA]
610889	AllInteractions	513719	508430	[NA]	[NA]	[NA]	[DirectedInteraction]	1	[WP3604]	[PW_0000002]	[9715748]	[Biochemical Pathways Part I]	[NA]	 1	[NA]	[NA]
610888	AllInteractions	508744	513719	[NA]	[NA]	[NA]	[DirectedInteraction]	1	[WP3604]	[PW_0000002]	[9715748]	[Biochemical Pathways Part I]	[NA]	 1	[NA]	[NA]
613691	AllInteractions	515207	508744	[NA]	[NA]	[NA]	[DirectedInteraction]	1	[WP3604]	[PW_0000002]	[9715748]	[Biochemical Pathways Part I]	[NA]	 1	[NA]	[NA]
613690	AllInteractions	507998	515207	[NA]	[NA]	[NA]	[DirectedInteraction]	1	[WP3604]	[PW_0000002]	[9715748]	[Biochemical Pathways Part I]	[NA]	 1	[NA]	[NA]
613427	AllInteractions	515066	507651	[NA]	[NA]	[DOID_5138, DOID_4450, DOID_14749, DOID_890]	[DirectedInteraction, Conversion]	2	[WP4206, WP4236]	[PW_0000605, PW_0001017, PW_0002098, PW_0000026]	[25564569, 23633457, NA]	[Hereditary leiomyomatosis and renal cell carcinoma pathway, Disorders of the Krebs cycle]	[NA]	 3	[16846473, 18563633, NA]	[NA]
613426	AllInteractions	507791	515066	[NA]	[NA]	[DOID_5138, DOID_4450, DOID_14749, DOID_890]	[DirectedInteraction, Conversion]	2	[WP4206, WP4236]	[PW_0000605, PW_0001017, PW_0002098, PW_0000026]	[25564569, 23633457, NA]	[Hereditary leiomyomatosis and renal cell carcinoma pathway, Disorders of the Krebs cycle]	[NA]	 3	[16846473, 18563633, NA]	[NA]
616567	AllInteractions	516726	507791	[16846473, 18563633]	[MUT]	[NA]	[DirectedInteraction]	1	[WP3925]	[PW_0000011]	[NA]	[Amino Acid metabolism]	[NA]	 1	[NA]	[NA]
616566	AllInteractions	509044	516726	[16846473, 18563633]	[MUT]	[NA]	[DirectedInteraction]	1	[WP3925]	[PW_0000011]	[NA]	[Amino Acid metabolism]	[NA]	 1	[NA]	[NA]
612487	AllInteractions	514569	507593	[NA]	[NA]	[DOID_9256]	[DirectedInteraction]	1	[WP4290]	[PW_0000605, PW_0000305]	[NA]	[Metabolic reprogramming in colon cancer]	[9765290]	 1	[16846473, 18563633]	[NA]
612486	AllInteractions	507791	514569	[NA]	[NA]	[DOID_9256]	[DirectedInteraction]	1	[WP4290]	[PW_0000605, PW_0000305]	[NA]	[Metabolic reprogramming in colon cancer]	[9765290]	 1	[16846473, 18563633]	[NA]
610893	AllInteractions	513721	508228	[NA]	[NA]	[NA]	[DirectedInteraction]	1	[WP3604]	[PW_0000002]	[9715748]	[Biochemical Pathways Part I]	[NA]	 1	[16846473, 18563633]	[NA]
610892	AllInteractions	507791	513721	[NA]	[NA]	[NA]	[DirectedInteraction]	1	[WP3604]	[PW_0000002]	[9715748]	[Biochemical Pathways Part I]	[NA]	 1	[16846473, 18563633]	[NA]
613907	AllInteractions	515320	507327	[NA]	[GOT2 dimer]	[NA]	[DirectedInteraction]	1	[WP3574]	[PW_0000011]	[16702333]	[Sulfur amino acid metabolism]	[9537447]	 1	[NA]	[NA]
613906	AllInteractions	508228	515320	[NA]	[GOT2 dimer]	[NA]	[DirectedInteraction]	1	[WP3574]	[PW_0000011]	[16702333]	[Sulfur amino acid metabolism]	[9537447]	 1	[NA]	[NA]
607817	AllInteractions	512047	507598	[NA]	[NA]	[NA]	[DirectedInteraction, Conversion]	2	[WP3602, WP3604]	[PW_0000002]	[9715748, NA]	[Human metabolism overview, Biochemical Pathways Part I]	[NA]	 3	[NA]	[NA]
607816	AllInteractions	508228	512047	[NA]	[NA]	[NA]	[DirectedInteraction, Conversion]	2	[WP3602, WP3604]	[PW_0000002]	[9715748, NA]	[Human metabolism overview, Biochemical Pathways Part I]	[NA]	 3	[NA]	[NA]
606239	AllInteractions	511185	507572	[NA]	[NA]	[NA]	[DirectedInteraction]	1	[WP3604]	[PW_0000002]	[9715748]	[Biochemical Pathways Part I]	[NA]	 1	[NA]	[NA]
606238	AllInteractions	507598	511185	[NA]	[NA]	[NA]	[DirectedInteraction]	1	[WP3604]	[PW_0000002]	[9715748]	[Biochemical Pathways Part I]	[NA]	 1	[NA]	[NA]
613973	AllInteractions	515354	508017	[NA]	[ASS]	[NA]	[DirectedInteraction]	1	[WP106]	[PW_0000028, PW_0000011]	[9687539, 19455135]	[Alanine and aspartate metabolism]	[NA]	 1	[NA]	[NA]
613972	AllInteractions	507837	515354	[NA]	[ASS]	[NA]	[DirectedInteraction]	1	[WP106]	[PW_0000028, PW_0000011]	[9687539, 19455135]	[Alanine and aspartate metabolism]	[NA]	 1	[NA]	[NA]
603213	AllInteractions	507511	509489	[NA]	[GOT2 dimer, GOT1 dimer, PXLP-K259-GOT1 dimer]	[NA]	[DirectedInteraction]	4	[WP4979, WP4093, WP4992, WP3562]	[PW_0000028, PW_0001083, NA, PW_0000063, PW_0001086, PW_0001262]	[1094924, 371355, NA, 15956068, 2205732]	[Aspartate and asparagine metabolism, Glucose metabolism, Glutamate and glutamine metabolism, Glyoxylate metabolism and glycine degradation]	[2241899, 4052435, 14170323]	 4	[NA]	[NA]
603214	AllInteractions	509489	507527	[NA]	[GOT2 dimer, GOT1 dimer, PXLP-K259-GOT1 dimer]	[NA]	[DirectedInteraction]	4	[WP4979, WP4093, WP4992, WP3562]	[PW_0000028, PW_0001083, NA, PW_0000063, PW_0001086, PW_0001262]	[1094924, 371355, NA, 15956068, 2205732]	[Aspartate and asparagine metabolism, Glucose metabolism, Glutamate and glutamine metabolism, Glyoxylate metabolism and glycine degradation]	[2241899, 4052435, 14170323]	 4	[NA]	[NA]
610461	AllInteractions	513490	507674	[11001804, 10716626]	[NA]	[NA]	[DirectedInteraction]	1	[WP3604]	[PW_0000002]	[9715748]	[Biochemical Pathways Part I]	[NA]	 1	[NA]	[NA]
610460	AllInteractions	508228	513490	[11001804, 10716626]	[NA]	[NA]	[DirectedInteraction]	1	[WP3604]	[PW_0000002]	[9715748]	[Biochemical Pathways Part I]	[NA]	 1	[NA]	[NA]
609541	AllInteractions	512985	507618	[NA]	[MPST]	[NA]	[DirectedInteraction]	3	[WP3925, WP3574, WP3604]	[PW_0000011, PW_0000002]	[16702333, NA, 9715748]	[Amino Acid metabolism, Sulfur amino acid metabolism, Biochemical Pathways Part I]	[23413359, 26437775, 27484215, 29055825, 18872649, 19625201, 28412453, NA, 23698001]	 5	[NA]	[NA]
609540	AllInteractions	508126	512985	[NA]	[MPST]	[NA]	[DirectedInteraction]	3	[WP3925, WP3574, WP3604]	[PW_0000011, PW_0000002]	[16702333, NA, 9715748]	[Amino Acid metabolism, Sulfur amino acid metabolism, Biochemical Pathways Part I]	[23413359, 26437775, 27484215, 29055825, 18872649, 19625201, 28412453, NA, 23698001]	 5	[NA]	[NA]
606741	AllInteractions	511457	508126	[NA]	[GOT2 dimer]	[NA]	[DirectedInteraction]	1	[WP3574]	[PW_0000011]	[16702333]	[Sulfur amino acid metabolism]	[9537447]	 1	[NA]	[NA]
606740	AllInteractions	508228	511457	[NA]	[GOT2 dimer]	[NA]	[DirectedInteraction]	1	[WP3574]	[PW_0000011]	[16702333]	[Sulfur amino acid metabolism]	[9537447]	 1	[NA]	[NA]
614317	AllInteractions	515537	507382	[NA]	[NA]	[NA]	[DirectedInteraction]	1	[WP3925]	[PW_0000011]	[NA]	[Amino Acid metabolism]	[NA]	 1	[NA]	[NA]
614316	AllInteractions	508126	515537	[NA]	[NA]	[NA]	[DirectedInteraction]	1	[WP3925]	[PW_0000011]	[NA]	[Amino Acid metabolism]	[NA]	 1	[NA]	[NA]
609123	AllInteractions	512764	507982	[NA]	[PIPOX]	[NA]	[DirectedInteraction]	1	[WP5004]	[PW_0000073]	[12126930, 6434529]	[Lysine catabolism]	[10642506, 24043460]	 1	[NA]	[NA]
605955	AllInteractions	511024	507938	[NA]	[ALDH7A1 tetramer]	[NA]	[DirectedInteraction]	1	[WP5004]	[PW_0000073]	[12126930, 6434529]	[Lysine catabolism]	[16491085, 19885858]	 1	[NA]	[NA]
609122	AllInteractions	507334	512764	[NA]	[PIPOX]	[NA]	[DirectedInteraction]	1	[WP5004]	[PW_0000073]	[12126930, 6434529]	[Lysine catabolism]	[10642506, 24043460]	 1	[NA]	[NA]
605954	AllInteractions	508062	511024	[NA]	[ALDH7A1 tetramer]	[NA]	[DirectedInteraction]	1	[WP5004]	[PW_0000073]	[12126930, 6434529]	[Lysine catabolism]	[16491085, 19885858]	 1	[NA]	[NA]
612133	AllInteractions	514380	508921	[NA]	[NA]	[NA]	[DirectedInteraction]	1	[WP3604]	[PW_0000002]	[9715748]	[Biochemical Pathways Part I]	[NA]	 1	[NA]	[NA]
612132	AllInteractions	508827	514380	[NA]	[NA]	[NA]	[DirectedInteraction]	1	[WP3604]	[PW_0000002]	[9715748]	[Biochemical Pathways Part I]	[NA]	 1	[NA]	[NA]
611193	AllInteractions	513881	507327	[NA]	[AADAT dimer]	[NA]	[DirectedInteraction]	1	[WP5004]	[PW_0000073]	[12126930, 6434529]	[Lysine catabolism]	[18056995, 18056996, 12126930]	 1	[NA]	[NA]
611192	AllInteractions	507938	513881	[NA]	[AADAT dimer]	[NA]	[DirectedInteraction]	1	[WP5004]	[PW_0000073]	[12126930, 6434529]	[Lysine catabolism]	[18056995, 18056996, 12126930]	 1	[NA]	[NA]
606685	AllInteractions	511428	508827	[NA]	[NA]	[NA]	[DirectedInteraction]	1	[WP3604]	[PW_0000002]	[9715748]	[Biochemical Pathways Part I]	[NA]	 1	[NA]	[NA]
606684	AllInteractions	508274	511428	[NA]	[NA]	[NA]	[DirectedInteraction]	1	[WP3604]	[PW_0000002]	[9715748]	[Biochemical Pathways Part I]	[NA]	 1	[NA]	[NA]
613589	AllInteractions	515151	508627	[NA]	[NA]	[NA]	[DirectedInteraction]	1	[WP3604]	[PW_0000002]	[9715748]	[Biochemical Pathways Part I]	[NA]	 1	[NA]	[NA]
609461	AllInteractions	512941	507334	[NA]	[NA]	[NA]	[DirectedInteraction]	1	[WP3604]	[PW_0000002]	[9715748]	[Biochemical Pathways Part I]	[NA]	 1	[NA]	[NA]
605077	AllInteractions	510541	508062	[NA]	[NA]	[NA]	[DirectedInteraction]	1	[WP5004]	[PW_0000073]	[12126930, 6434529]	[Lysine catabolism]	[24043460]	 1	[NA]	[NA]
613588	AllInteractions	508921	515151	[NA]	[NA]	[NA]	[DirectedInteraction]	1	[WP3604]	[PW_0000002]	[9715748]	[Biochemical Pathways Part I]	[NA]	 1	[NA]	[NA]
609460	AllInteractions	508627	512941	[NA]	[NA]	[NA]	[DirectedInteraction]	1	[WP3604]	[PW_0000002]	[9715748]	[Biochemical Pathways Part I]	[NA]	 1	[NA]	[NA]
605076	AllInteractions	507982	510541	[NA]	[NA]	[NA]	[DirectedInteraction]	1	[WP5004]	[PW_0000073]	[12126930, 6434529]	[Lysine catabolism]	[24043460]	 1	[NA]	[NA]
616107	AllInteractions	516486	508209	[NA]	[NA]	[DOID_14213, DOID_0110914, DOID_0110915]	[DirectedInteraction, Conversion]	1	[WP4228]	[PW_0001932, PW_0001881, PW_0000013, PW_0000073, PW_0000138]	[NA]	[Vitamin B6-dependent and responsive disorders]	[NA]	 1	[NA]	[NA]
616106	AllInteractions	508921	516486	[NA]	[NA]	[DOID_14213, DOID_0110914, DOID_0110915]	[DirectedInteraction, Conversion]	1	[WP4228]	[PW_0001932, PW_0001881, PW_0000013, PW_0000073, PW_0000138]	[NA]	[Vitamin B6-dependent and responsive disorders]	[NA]	 1	[NA]	[NA]
606237	AllInteractions	511184	507334	[NA]	[CRYM]	[DOID_0110914, DOID_0110915, DOID_14213, NA]	[DirectedInteraction, Conversion]	2	[WP4228, WP5004]	[PW_0001881, PW_0001932, PW_0000013, PW_0000073, PW_0000138]	[NA, 12126930, 6434529]	[Vitamin B6-dependent and responsive disorders, Lysine catabolism]	[NA, 17242435, 25931162]	 2	[NA]	[NA]
606236	AllInteractions	508209	511184	[NA]	[CRYM]	[DOID_0110914, DOID_0110915, DOID_14213, NA]	[DirectedInteraction, Conversion]	2	[WP4228, WP5004]	[PW_0001881, PW_0001932, PW_0000013, PW_0000073, PW_0000138]	[NA, 12126930, 6434529]	[Vitamin B6-dependent and responsive disorders, Lysine catabolism]	[NA, 17242435, 25931162]	 2	[NA]	[NA]
